Title,Image,Price
Soumission,http://books.toscrape.com/../media/cache/3e/ef/3eef99c9d9adef34639f510662022830.jpg,£50.10
Private Paris (Private #10),http://books.toscrape.com/../media/cache/9d/05/9d0533bae1578846d728a82913b95c26.jpg,£47.61
"We Love You, Charlie ...",http://books.toscrape.com/../media/cache/5f/15/5f152afdbc42356ecba02f61058a7e5b.jpg,£50.27
Thirst,http://books.toscrape.com/../media/cache/c4/0a/c40a64f59e7487b1a80a049f6ceb2ba5.jpg,£17.27
The Murder That Never ...,http://books.toscrape.com/../media/cache/dc/44/dc44f8e2aebac48ca8553814d9b021a8.jpg,£54.11
Tuesday Nights in 1980,http://books.toscrape.com/../media/cache/6b/da/6bdae061cb92c32b0b83cda8dd10275d.jpg,£21.04
The Vacationers,http://books.toscrape.com/../media/cache/37/25/372578cc073efae80cf284b56040a488.jpg,£42.15
The Regional Office Is ...,http://books.toscrape.com/../media/cache/f8/31/f8314c7fdaa79fb7191a583e9a852db8.jpg,£51.36
Finders Keepers (Bill Hodges ...,http://books.toscrape.com/../media/cache/6a/81/6a81103b1c01a3f6c56e5718a838a4c8.jpg,£53.53
The Time Keeper,http://books.toscrape.com/../media/cache/8f/f8/8ff8680dde59ea739d6978a01e4d7fe5.jpg,£27.88
The Testament of Mary,http://books.toscrape.com/../media/cache/83/05/8305154438c91a02cefacf4ec8b53393.jpg,£52.67
The First Hostage (J.B. ...,http://books.toscrape.com/../media/cache/38/34/3834572e651cdc14b18d348fa4875aa9.jpg,£25.85
Take Me with You,http://books.toscrape.com/../media/cache/d8/a4/d8a44eda7cbe7bd1207f868e9adc06f3.jpg,£45.21
Still Life with Bread ...,http://books.toscrape.com/../media/cache/8e/c7/8ec7f310b74ddd7ec3c859e9b0da7389.jpg,£26.41
Shtum,http://books.toscrape.com/../media/cache/03/16/0316bb6f4785ac69c0643109201bad5d.jpg,£55.84
My Name Is Lucy ...,http://books.toscrape.com/../media/cache/ca/b1/cab150e556b5fab663a9fec00ed97943.jpg,£41.56
My Mrs. Brown,http://books.toscrape.com/../media/cache/e0/79/e07906c1e507055da9a2260a74f58273.jpg,£24.48
Mr. Mercedes (Bill Hodges ...,http://books.toscrape.com/../media/cache/a7/f0/a7f092a7b79f848df0226f808fed489b.jpg,£28.90
I Am Pilgrim (Pilgrim ...,http://books.toscrape.com/../media/cache/ed/07/ed07c9e7c53d4f33a6eb7d41eb0e6d4a.jpg,£10.60
Eligible (The Austen Project ...,http://books.toscrape.com/../media/cache/26/3b/263bf5d128bf18553ea8da8bb19e9a0c.jpg,£27.09
